timestamp,simple-path,time
2021-09-01 10:19:20.954,/master/welcome,4335
2021-09-01 10:19:21.233,/master/welcome,270
2021-09-01 10:19:22.848,/master/sign-in,1554
2021-09-01 10:19:23.715,/master/welcome,537
2021-09-01 10:19:33.364,/master/welcome,311
2021-09-01 10:19:33.926,/master/welcome,530
2021-09-01 10:19:34.306,/master/welcome,253
2021-09-01 10:19:35.094,/master/welcome,257
2021-09-01 10:19:35.344,/master/welcome,243
2021-09-01 10:19:35.893,/master/sign-in,522
2021-09-01 10:19:36.748,/master/welcome,532
2021-09-01 10:19:37.312,/master/welcome,260
2021-09-01 10:19:37.873,/master/welcome,533
2021-09-01 10:19:38.147,/master/welcome,248
2021-09-01 10:19:38.396,/master/welcome,240
2021-09-01 10:19:38.951,/master/sign-in,525
2021-09-01 10:19:39.799,/master/welcome,532
2021-09-01 10:19:42.437,/master/welcome,523
2021-09-01 10:19:43.518,/administrator/user-account/list,1037
2021-09-01 10:19:44.084,/administrator/user-account/show,522
2021-09-01 10:19:44.727,/master/welcome,614
2021-09-01 10:19:45.814,/master/welcome,1058
2021-09-01 10:19:49.518,/master/welcome,305
2021-09-01 10:19:49.791,/master/welcome,258
2021-09-01 10:19:50.358,/master/sign-in,533
2021-09-01 10:19:51.221,/master/welcome,535
2021-09-01 10:19:59.831,/master/welcome,306
2021-09-01 10:20:00.381,/master/welcome,524
2021-09-01 10:20:00.682,/master/welcome,276
2021-09-01 10:20:00.937,/master/welcome,248
2021-09-01 10:20:01.486,/master/sign-in,522
2021-09-01 10:20:02.328,/master/welcome,530
2021-09-01 10:20:02.892,/administrator/user-account/list,519
2021-09-01 10:20:03.602,/administrator/user-account/show,518
2021-09-01 10:20:03.995,/master/welcome,291
2021-09-01 10:20:04.557,/master/welcome,532
2021-09-01 10:20:04.82,/master/welcome,244
2021-09-01 10:20:05.069,/master/welcome,238
2021-09-01 10:20:05.621,/master/sign-in,527
2021-09-01 10:20:06.464,/master/welcome,532
2021-09-01 10:20:07.038,/administrator/user-account/list,527
2021-09-01 10:20:07.739,/administrator/user-account/show,531
2021-09-01 10:20:08.124,/master/welcome,288
2021-09-01 10:20:08.675,/master/welcome,524
2021-09-01 10:20:08.945,/master/welcome,245
2021-09-01 10:20:09.198,/master/welcome,245
2021-09-01 10:20:09.75,/master/sign-in,523
2021-09-01 10:20:10.582,/master/welcome,519
2021-09-01 10:20:11.154,/administrator/user-account/list,526
2021-09-01 10:20:11.853,/administrator/user-account/show,524
2021-09-01 10:20:12.253,/master/welcome,293
2021-09-01 10:20:12.814,/master/welcome,531
2021-09-01 10:20:13.079,/master/welcome,243
2021-09-01 10:20:13.6,/master/welcome,241
2021-09-01 10:20:13.844,/master/welcome,233
2021-09-01 10:20:14.396,/master/sign-in,526
2021-09-01 10:20:15.229,/master/welcome,518
2021-09-01 10:20:15.774,/master/welcome,251
2021-09-01 10:20:16.322,/master/welcome,519
2021-09-01 10:20:20.001,/master/welcome,276
2021-09-01 10:20:20.255,/master/welcome,241
2021-09-01 10:20:20.814,/master/sign-in,533
2021-09-01 10:20:21.649,/master/welcome,528
2021-09-01 10:20:29.747,/master/welcome,300
2021-09-01 10:20:30.293,/master/welcome,521
2021-09-01 10:20:30.555,/master/welcome,240
2021-09-01 10:20:31.116,/anonymous/workplan/list,517
2021-09-01 10:20:32.345,/anonymous/workplan/show,1052
2021-09-01 10:20:32.652,/master/welcome,242
2021-09-01 10:20:33.215,/anonymous/workplan/list,521
2021-09-01 10:20:33.899,/anonymous/workplan/show,523
2021-09-01 10:20:34.216,/master/welcome,241
2021-09-01 10:20:34.459,/master/welcome,237
2021-09-01 10:20:35.01,/master/sign-in,522
2021-09-01 10:20:35.901,/master/welcome,530
2021-09-01 10:20:36.455,/master/welcome,253
2021-09-01 10:20:36.999,/master/welcome,519
2021-09-01 10:20:37.257,/master/welcome,242
2021-09-01 10:20:37.504,/master/welcome,241
2021-09-01 10:20:38.056,/master/sign-in,526
2021-09-01 10:20:38.886,/master/welcome,518
2021-09-01 10:20:39.525,/master/welcome,306
2021-09-01 10:20:40.083,/master/welcome,532
2021-09-01 10:20:43.76,/master/welcome,281
2021-09-01 10:20:44.013,/master/welcome,246
2021-09-01 10:20:44.561,/master/sign-in,521
2021-09-01 10:20:45.393,/master/welcome,527
2021-09-01 10:20:54.502,/master/welcome,297
2021-09-01 10:20:55.056,/master/welcome,520
2021-09-01 10:20:55.319,/master/welcome,239
2021-09-01 10:20:55.562,/master/welcome,237
2021-09-01 10:20:56.117,/master/sign-in,525
2021-09-01 10:20:56.942,/master/welcome,523
2021-09-01 10:20:57.513,/administrator/threshold/list,526
2021-09-01 10:20:58.13,/administrator/threshold/show,530
2021-09-01 10:20:59.724,/administrator/threshold/list,550
2021-09-01 10:21:01.662,/master/welcome,532
2021-09-01 10:21:01.961,/master/welcome,289
2021-09-01 10:21:02.508,/master/welcome,523
2021-09-01 10:21:02.761,/master/welcome,235
2021-09-01 10:21:03.027,/master/welcome,241
2021-09-01 10:21:03.593,/master/sign-in,538
2021-09-01 10:21:04.426,/master/welcome,532
2021-09-01 10:21:04.996,/administrator/threshold/list,524
2021-09-01 10:21:05.596,/administrator/threshold/show,519
2021-09-01 10:21:07.182,/administrator/threshold/list,533
2021-09-01 10:21:09.12,/master/welcome,520
2021-09-01 10:21:09.42,/master/welcome,290
2021-09-01 10:21:09.973,/master/welcome,528
2021-09-01 10:21:10.23,/master/welcome,235
2021-09-01 10:21:10.478,/master/welcome,240
2021-09-01 10:21:11.031,/master/sign-in,524
2021-09-01 10:21:11.851,/master/welcome,521
2021-09-01 10:21:12.419,/administrator/threshold/list,522
2021-09-01 10:21:13.018,/administrator/threshold/show,517
2021-09-01 10:21:13.571,/administrator/threshold/update,523
2021-09-01 10:21:14.229,/master/welcome,301
2021-09-01 10:21:14.773,/master/welcome,519
2021-09-01 10:21:15.028,/master/welcome,240
2021-09-01 10:21:15.274,/master/welcome,236
2021-09-01 10:21:15.872,/master/sign-in,519
2021-09-01 10:21:16.7,/master/welcome,522
2021-09-01 10:21:17.271,/administrator/threshold/list,524
2021-09-01 10:21:17.874,/administrator/threshold/show,525
2021-09-01 10:21:18.443,/administrator/threshold/update,530
2021-09-01 10:21:19.103,/master/welcome,304
2021-09-01 10:21:19.662,/master/welcome,530
2021-09-01 10:21:19.952,/master/welcome,270
2021-09-01 10:21:20.483,/master/welcome,244
2021-09-01 10:21:20.735,/master/welcome,246
2021-09-01 10:21:21.281,/master/sign-in,521
2021-09-01 10:21:22.116,/master/welcome,533
2021-09-01 10:21:22.658,/master/welcome,253
2021-09-01 10:21:23.209,/master/welcome,523
2021-09-01 10:21:26.917,/master/welcome,293
2021-09-01 10:21:27.175,/master/welcome,251
2021-09-01 10:21:27.725,/master/sign-in,522
2021-09-01 10:21:28.574,/master/welcome,534
2021-09-01 10:21:38.196,/master/welcome,295
2021-09-01 10:21:38.742,/master/welcome,523
2021-09-01 10:21:39.0,/master/welcome,236
2021-09-01 10:21:39.247,/master/welcome,237
2021-09-01 10:21:39.791,/master/sign-in,521
2021-09-01 10:21:40.636,/master/welcome,533
2021-09-01 10:21:41.206,/administrator/threshold/list,525
2021-09-01 10:21:42.343,/administrator/threshold/show,1050
2021-09-01 10:21:42.951,/master/welcome,584
2021-09-01 10:21:43.523,/master/welcome,547
2021-09-01 10:21:44.052,/master/welcome,507
2021-09-01 10:21:45.174,/master/welcome,528
2021-09-01 10:21:45.694,/master/welcome,514
2021-09-01 10:21:46.797,/master/sign-in,1079
2021-09-01 10:21:48.048,/master/welcome,526
2021-09-01 10:21:49.19,/master/welcome,532
2021-09-01 10:21:50.252,/master/welcome,1038
2021-09-01 10:21:53.934,/master/welcome,284
2021-09-01 10:21:54.2,/master/welcome,252
2021-09-01 10:21:54.746,/master/sign-in,521
2021-09-01 10:21:55.566,/master/welcome,518
2021-09-01 10:22:04.676,/master/welcome,299
2021-09-01 10:22:05.229,/master/welcome,527
2021-09-01 10:22:05.49,/master/welcome,239
2021-09-01 10:22:05.744,/master/welcome,244
2021-09-01 10:22:06.298,/master/sign-in,526
2021-09-01 10:22:07.157,/master/welcome,533
2021-09-01 10:22:08.25,/administrator/dashboardwp/list,1047
2021-09-01 10:22:08.598,/master/welcome,293
2021-09-01 10:22:09.15,/master/welcome,527
2021-09-01 10:22:09.448,/master/welcome,237
2021-09-01 10:22:09.698,/master/welcome,243
2021-09-01 10:22:10.239,/master/sign-in,517
2021-09-01 10:22:11.069,/master/welcome,531
2021-09-01 10:22:11.63,/manageracc/workplan/list,516
2021-09-01 10:22:12.704,/manageracc/workplan/show,1038
2021-09-01 10:22:14.245,/manageracc/workplan/list,527
2021-09-01 10:22:14.505,/master/welcome,254
2021-09-01 10:22:15.06,/master/welcome,530
2021-09-01 10:22:15.305,/master/welcome,234
2021-09-01 10:22:15.85,/master/sign-in,522
2021-09-01 10:22:16.671,/master/welcome,521
2021-09-01 10:22:17.243,/administrator/dashboardwp/list,529
2021-09-01 10:22:17.597,/master/welcome,292
2021-09-01 10:22:18.158,/master/welcome,525
2021-09-01 10:22:18.408,/master/welcome,235
2021-09-01 10:22:18.647,/master/welcome,232
2021-09-01 10:22:19.201,/master/sign-in,527
2021-09-01 10:22:20.036,/master/welcome,532
2021-09-01 10:22:20.62,/manageracc/workplan/list,531
2021-09-01 10:22:21.712,/manageracc/workplan/show,1054
2021-09-01 10:22:22.777,/manageracc/workplan/list,1056
2021-09-01 10:22:23.031,/master/welcome,249
2021-09-01 10:22:23.586,/master/welcome,531
2021-09-01 10:22:23.833,/master/welcome,235
2021-09-01 10:22:24.376,/master/sign-in,519
2021-09-01 10:22:25.195,/master/welcome,525
2021-09-01 10:22:25.766,/administrator/dashboardwp/list,526
2021-09-01 10:22:26.135,/master/welcome,314
2021-09-01 10:22:26.732,/master/welcome,526
2021-09-01 10:22:26.994,/master/welcome,236
2021-09-01 10:22:27.515,/master/welcome,240
2021-09-01 10:22:27.761,/master/welcome,238
2021-09-01 10:22:28.305,/master/sign-in,519
2021-09-01 10:22:29.153,/master/welcome,518
2021-09-01 10:22:29.69,/master/welcome,250
2021-09-01 10:22:30.249,/master/welcome,531
2021-09-01 10:22:33.939,/master/welcome,282
2021-09-01 10:22:34.201,/master/welcome,252
2021-09-01 10:22:34.754,/master/sign-in,528
2021-09-01 10:22:35.592,/master/welcome,530
2021-09-01 10:22:44.689,/master/welcome,300
2021-09-01 10:22:45.254,/master/welcome,533
2021-09-01 10:22:45.517,/master/welcome,242
2021-09-01 10:22:45.765,/master/welcome,238
2021-09-01 10:22:46.314,/master/sign-in,526
2021-09-01 10:22:47.142,/master/welcome,526
2021-09-01 10:22:47.707,/manageracc/workplan/create,521
2021-09-01 10:22:48.822,/master/welcome,1045
2021-09-01 10:22:49.389,/manageracc/workplan/list,528
2021-09-01 10:22:50.072,/manageracc/workplan/show,519
2021-09-01 10:22:50.389,/master/welcome,256
2021-09-01 10:22:50.945,/master/welcome,532
2021-09-01 10:22:51.194,/master/welcome,235
2021-09-01 10:22:51.438,/master/welcome,235
2021-09-01 10:22:51.993,/master/sign-in,530
2021-09-01 10:22:52.807,/master/welcome,520
2021-09-01 10:22:53.378,/manageracc/workplan/create,528
2021-09-01 10:22:53.991,/master/welcome,542
2021-09-01 10:22:54.56,/manageracc/workplan/list,530
2021-09-01 10:22:55.242,/manageracc/workplan/show,519
2021-09-01 10:22:55.55,/master/welcome,252
2021-09-01 10:22:56.098,/master/welcome,520
2021-09-01 10:22:56.358,/master/welcome,234
2021-09-01 10:22:56.599,/master/welcome,235
2021-09-01 10:22:57.147,/master/sign-in,521
2021-09-01 10:22:57.983,/master/welcome,522
2021-09-01 10:22:58.555,/manageracc/workplan/create,527
2021-09-01 10:22:59.156,/manageracc/workplan/create,530
2021-09-01 10:22:59.419,/master/welcome,253
2021-09-01 10:22:59.971,/master/welcome,524
2021-09-01 10:23:00.223,/master/welcome,238
2021-09-01 10:23:00.469,/master/welcome,238
2021-09-01 10:23:01.015,/master/sign-in,518
2021-09-01 10:23:01.863,/master/welcome,550
2021-09-01 10:23:02.423,/manageracc/workplan/create,515
2021-09-01 10:23:03.021,/manageracc/workplan/create,530
2021-09-01 10:23:03.282,/master/welcome,249
2021-09-01 10:23:03.827,/master/welcome,521
2021-09-01 10:23:04.083,/master/welcome,238
2021-09-01 10:23:04.332,/master/welcome,239
2021-09-01 10:23:04.886,/master/sign-in,530
2021-09-01 10:23:05.703,/master/welcome,517
2021-09-01 10:23:06.271,/manageracc/workplan/create,526
2021-09-01 10:23:06.858,/manageracc/workplan/create,530
2021-09-01 10:23:07.122,/master/welcome,247
2021-09-01 10:23:07.666,/master/welcome,521
2021-09-01 10:23:07.923,/master/welcome,243
2021-09-01 10:23:08.169,/master/welcome,237
2021-09-01 10:23:08.718,/master/sign-in,526
2021-09-01 10:23:09.537,/master/welcome,517
2021-09-01 10:23:10.122,/manageracc/workplan/create,541
2021-09-01 10:23:10.709,/manageracc/workplan/create,523
2021-09-01 10:23:10.975,/master/welcome,256
2021-09-01 10:23:11.526,/master/welcome,527
2021-09-01 10:23:15.182,/master/welcome,268
2021-09-01 10:23:15.43,/master/welcome,237
2021-09-01 10:23:15.976,/master/sign-in,521
2021-09-01 10:23:16.798,/master/welcome,521
2021-09-01 10:23:26.378,/master/welcome,293
2021-09-01 10:23:26.932,/master/welcome,530
2021-09-01 10:23:27.193,/master/welcome,241
2021-09-01 10:23:27.438,/master/welcome,236
2021-09-01 10:23:27.979,/master/sign-in,519
2021-09-01 10:23:28.797,/master/welcome,520
2021-09-01 10:23:29.364,/manageracc/workplan/list,525
2021-09-01 10:23:29.967,/manageracc/workplan/show,520
2021-09-01 10:23:31.037,/manageracc/workplan/list,1058
2021-09-01 10:23:31.332,/master/welcome,244
2021-09-01 10:23:31.877,/master/welcome,520
2021-09-01 10:23:32.132,/master/welcome,241
2021-09-01 10:23:32.377,/master/welcome,237
2021-09-01 10:23:32.918,/master/sign-in,518
2021-09-01 10:23:33.746,/master/welcome,532
2021-09-01 10:23:34.326,/manageracc/workplan/list,537
2021-09-01 10:23:34.985,/manageracc/workplan/show,527
2021-09-01 10:23:36.053,/manageracc/workplan/list,1059
2021-09-01 10:23:36.354,/master/welcome,252
2021-09-01 10:23:36.904,/master/welcome,526
2021-09-01 10:23:37.169,/master/welcome,244
2021-09-01 10:23:37.408,/master/welcome,233
2021-09-01 10:23:37.966,/master/sign-in,531
2021-09-01 10:23:38.782,/master/welcome,522
2021-09-01 10:23:39.328,/master/welcome,257
2021-09-01 10:23:39.873,/master/welcome,518
2021-09-01 10:23:40.122,/master/welcome,235
2021-09-01 10:23:40.381,/master/welcome,248
2021-09-01 10:23:40.943,/master/sign-in,520
2021-09-01 10:23:41.758,/master/welcome,518
2021-09-01 10:23:42.241,/master/welcome,224
2021-09-01 10:23:42.803,/master/welcome,523
2021-09-01 10:23:43.056,/master/welcome,236
2021-09-01 10:23:43.295,/master/welcome,233
2021-09-01 10:23:43.84,/master/sign-in,522
2021-09-01 10:23:44.656,/master/welcome,517
2021-09-01 10:23:45.284,/master/welcome,288
2021-09-01 10:23:45.843,/master/welcome,531
2021-09-01 10:23:46.097,/master/welcome,240
2021-09-01 10:23:46.62,/master/welcome,236
2021-09-01 10:23:46.869,/master/welcome,241
2021-09-01 10:23:47.429,/master/sign-in,528
2021-09-01 10:23:48.26,/master/welcome,530
2021-09-01 10:23:49.15,/master/welcome,520
2021-09-01 10:23:49.705,/manageracc/workplan/list,516
2021-09-01 10:23:50.079,/master/welcome,244
2021-09-01 10:23:50.622,/master/welcome,519
2021-09-01 10:23:50.872,/master/welcome,236
2021-09-01 10:23:51.113,/master/welcome,227
2021-09-01 10:23:51.664,/master/sign-in,527
2021-09-01 10:23:52.486,/master/welcome,523
2021-09-01 10:23:53.39,/master/welcome,521
2021-09-01 10:23:53.956,/manageracc/workplan/list,527
2021-09-01 10:23:54.333,/master/welcome,249
2021-09-01 10:23:54.877,/master/welcome,521
2021-09-01 10:23:58.054,/master/welcome,275
2021-09-01 10:23:58.294,/master/welcome,234
2021-09-01 10:23:58.845,/master/sign-in,521
2021-09-01 10:23:59.674,/master/welcome,525
2021-09-01 10:24:08.754,/master/welcome,295
2021-09-01 10:24:09.318,/master/welcome,530
2021-09-01 10:24:09.582,/master/welcome,238
2021-09-01 10:24:09.83,/master/welcome,238
2021-09-01 10:24:10.381,/master/sign-in,527
2021-09-01 10:24:11.218,/master/welcome,518
2021-09-01 10:24:11.789,/manageracc/workplan/list,529
2021-09-01 10:24:12.342,/manageracc/workplan/show,520
2021-09-01 10:24:13.656,/manageracc/workplan/list,1048
2021-09-01 10:24:14.227,/manageracc/workplan/show,531
2021-09-01 10:24:14.509,/master/welcome,243
2021-09-01 10:24:14.752,/master/welcome,235
2021-09-01 10:24:15.305,/master/sign-in,529
2021-09-01 10:24:16.125,/master/welcome,528
2021-09-01 10:24:16.696,/manageracc/workplan/list,529
2021-09-01 10:24:17.272,/manageracc/workplan/show,529
2021-09-01 10:24:18.613,/manageracc/workplan/list,1057
2021-09-01 10:24:19.695,/manageracc/workplan/show,1046
2021-09-01 10:24:19.974,/master/welcome,233
2021-09-01 10:24:20.212,/master/welcome,232
2021-09-01 10:24:20.755,/master/sign-in,520
2021-09-01 10:24:21.574,/master/welcome,528
2021-09-01 10:24:22.145,/manageracc/workplan/list,530
2021-09-01 10:24:23.22,/manageracc/workplan/show,1040
2021-09-01 10:24:23.982,/manageracc/workplan/add_task,522
2021-09-01 10:24:24.234,/master/welcome,239
2021-09-01 10:24:24.487,/master/welcome,242
2021-09-01 10:24:25.056,/master/sign-in,532
2021-09-01 10:24:25.914,/master/welcome,520
2021-09-01 10:24:26.484,/manageracc/workplan/list,525
2021-09-01 10:24:27.576,/manageracc/workplan/show,1057
2021-09-01 10:24:28.33,/manageracc/workplan/add_task,521
2021-09-01 10:24:31.994,/master/welcome,270
2021-09-01 10:24:32.243,/master/welcome,242
2021-09-01 10:24:32.789,/master/sign-in,520
2021-09-01 10:24:33.605,/master/welcome,522
2021-09-01 10:24:43.231,/master/welcome,302
2021-09-01 10:24:43.779,/master/welcome,524
2021-09-01 10:24:44.05,/master/welcome,244
2021-09-01 10:24:44.295,/master/welcome,239
2021-09-01 10:24:44.842,/master/sign-in,522
2021-09-01 10:24:45.68,/master/welcome,521
2021-09-01 10:24:46.778,/manageracc/workplan/list,1057
2021-09-01 10:24:48.401,/manageracc/workplan/show,1038
2021-09-01 10:24:50.037,/manageracc/workplan/list,1566
2021-09-01 10:24:51.348,/master/welcome,525
2021-09-01 10:24:51.907,/master/welcome,527
2021-09-01 10:24:52.428,/master/welcome,506
2021-09-01 10:24:52.946,/master/welcome,512
2021-09-01 10:24:54.01,/master/sign-in,1039
2021-09-01 10:24:55.788,/master/welcome,1025
2021-09-01 10:24:56.881,/manageracc/workplan/list,1049
2021-09-01 10:24:58.508,/manageracc/workplan/show,1025
2021-09-01 10:25:00.128,/manageracc/workplan/list,1554
2021-09-01 10:25:01.37,/master/welcome,533
2021-09-01 10:25:01.936,/master/welcome,530
2021-09-01 10:25:02.49,/master/welcome,533
2021-09-01 10:25:03.022,/master/welcome,527
2021-09-01 10:25:04.087,/master/sign-in,1042
2021-09-01 10:25:05.348,/master/welcome,525
2021-09-01 10:25:06.442,/manageracc/workplan/list,1047
2021-09-01 10:25:08.112,/manageracc/workplan/show,1039
2021-09-01 10:25:09.229,/manageracc/workplan/update,1051
2021-09-01 10:25:09.753,/master/welcome,512
2021-09-01 10:25:10.3,/master/welcome,540
2021-09-01 10:25:11.383,/master/sign-in,1050
2021-09-01 10:25:13.148,/master/welcome,1037
2021-09-01 10:25:14.23,/manageracc/workplan/list,1040
2021-09-01 10:25:15.875,/manageracc/workplan/show,1041
2021-09-01 10:25:17.027,/manageracc/workplan/update,1062
2021-09-01 10:25:17.556,/master/welcome,516
2021-09-01 10:25:18.105,/master/welcome,543
2021-09-01 10:25:19.169,/master/sign-in,1039
2021-09-01 10:25:20.946,/master/welcome,1042
2021-09-01 10:25:22.029,/manageracc/workplan/list,1039
2021-09-01 10:25:23.685,/manageracc/workplan/show,1049
2021-09-01 10:25:24.788,/manageracc/workplan/update,1041
2021-09-01 10:25:25.314,/master/welcome,511
2021-09-01 10:25:25.818,/master/welcome,499
2021-09-01 10:25:26.878,/master/sign-in,1032
2021-09-01 10:25:28.133,/master/welcome,524
2021-09-01 10:25:29.214,/manageracc/workplan/list,1037
2021-09-01 10:25:30.674,/manageracc/workplan/show,1069
2021-09-01 10:25:31.266,/manageracc/workplan/update,530
2021-09-01 10:25:34.957,/master/welcome,300
2021-09-01 10:25:35.206,/master/welcome,243
2021-09-01 10:25:35.756,/master/sign-in,522
2021-09-01 10:25:36.585,/master/welcome,520
2021-09-01 10:25:45.186,/master/welcome,304
2021-09-01 10:25:45.743,/master/welcome,529
2021-09-01 10:25:46.015,/master/welcome,249
2021-09-01 10:25:46.261,/master/welcome,237
2021-09-01 10:25:46.803,/master/sign-in,518
2021-09-01 10:25:47.62,/master/welcome,518
2021-09-01 10:25:48.193,/manageracc/workplan/list,528
2021-09-01 10:25:48.887,/manageracc/workplan/show,526
2021-09-01 10:25:49.215,/master/welcome,248
2021-09-01 10:25:49.757,/master/welcome,520
2021-09-01 10:25:50.016,/master/welcome,241
2021-09-01 10:25:50.26,/master/welcome,238
2021-09-01 10:25:50.866,/master/sign-in,530
2021-09-01 10:25:51.69,/master/welcome,525
2021-09-01 10:25:52.256,/manageracc/workplan/list,522
2021-09-01 10:25:52.941,/manageracc/workplan/show,527
2021-09-01 10:25:53.256,/master/welcome,247
2021-09-01 10:25:53.808,/master/welcome,528
2021-09-01 10:25:54.071,/master/welcome,242
2021-09-01 10:25:54.625,/master/welcome,269
2021-09-01 10:25:54.872,/master/welcome,241
2021-09-01 10:25:55.42,/master/sign-in,524
2021-09-01 10:25:56.233,/master/welcome,517
2021-09-01 10:25:56.856,/master/welcome,290
2021-09-01 10:25:57.404,/master/welcome,524
2021-09-01 10:26:01.098,/master/welcome,284
2021-09-01 10:26:01.348,/master/welcome,239
2021-09-01 10:26:01.901,/master/sign-in,524
2021-09-01 10:26:02.733,/master/welcome,528
2021-09-01 10:26:11.378,/master/welcome,307
2021-09-01 10:26:11.932,/master/welcome,525
2021-09-01 10:26:12.194,/master/welcome,242
2021-09-01 10:26:12.433,/master/welcome,233
2021-09-01 10:26:12.979,/master/sign-in,521
2021-09-01 10:26:13.809,/master/welcome,532
2021-09-01 10:26:14.373,/manageracc/workplan/list,520
2021-09-01 10:26:15.456,/manageracc/workplan/show,1044
2021-09-01 10:26:17.011,/manageracc/workplan/list,533
2021-09-01 10:26:17.588,/manageracc/workplan/show,533
2021-09-01 10:26:17.869,/master/welcome,259
2021-09-01 10:26:18.421,/master/welcome,524
2021-09-01 10:26:18.702,/master/welcome,263
2021-09-01 10:26:18.966,/master/welcome,255
2021-09-01 10:26:19.517,/master/sign-in,521
2021-09-01 10:26:20.336,/master/welcome,528
2021-09-01 10:26:20.902,/manageracc/workplan/list,519
2021-09-01 10:26:21.987,/manageracc/workplan/show,1048
2021-09-01 10:26:23.057,/manageracc/workplan/list,1060
2021-09-01 10:26:23.631,/manageracc/workplan/show,529
2021-09-01 10:26:23.91,/master/welcome,255
2021-09-01 10:26:24.46,/master/welcome,523
2021-09-01 10:26:24.726,/master/welcome,243
2021-09-01 10:26:24.988,/master/welcome,250
2021-09-01 10:26:25.575,/master/sign-in,523
2021-09-01 10:26:26.394,/master/welcome,523
2021-09-01 10:26:26.959,/manageracc/workplan/list,519
2021-09-01 10:26:28.039,/manageracc/workplan/show,1042
2021-09-01 10:26:28.593,/manageracc/workplan/publish,536
2021-09-01 10:26:32.176,/master/welcome,281
2021-09-01 10:26:32.431,/master/welcome,248
2021-09-01 10:26:32.985,/master/sign-in,529
2021-09-01 10:26:33.808,/master/welcome,527
2021-09-01 10:26:42.93,/master/welcome,292
2021-09-01 10:26:43.502,/master/welcome,532
2021-09-01 10:26:43.764,/master/welcome,240
2021-09-01 10:26:44.007,/master/welcome,235
2021-09-01 10:26:44.56,/master/sign-in,528
2021-09-01 10:26:45.389,/master/welcome,532
2021-09-01 10:26:45.957,/manageracc/workplan/list,524
2021-09-01 10:26:46.513,/manageracc/workplan/show,522
2021-09-01 10:26:47.821,/manageracc/workplan/show,551
2021-09-01 10:26:48.11,/master/welcome,252
2021-09-01 10:26:48.356,/master/welcome,237
2021-09-01 10:26:48.903,/master/sign-in,523
2021-09-01 10:26:49.725,/master/welcome,528
2021-09-01 10:26:50.292,/manageracc/workplan/list,526
2021-09-01 10:26:50.844,/manageracc/workplan/show,517
2021-09-01 10:26:52.07,/manageracc/workplan/show,524
2021-09-01 10:26:52.347,/master/welcome,240
2021-09-01 10:26:52.585,/master/welcome,232
2021-09-01 10:26:53.133,/master/sign-in,524
2021-09-01 10:26:53.952,/master/welcome,527
2021-09-01 10:26:57.941,/master/welcome,303
2021-09-01 10:26:58.219,/master/welcome,265
2021-09-01 10:26:58.771,/master/sign-in,521
2021-09-01 10:26:59.613,/master/welcome,531
2021-09-01 10:27:09.245,/master/welcome,295
2021-09-01 10:27:09.794,/master/welcome,526
2021-09-01 10:27:10.062,/master/welcome,245
2021-09-01 10:27:10.315,/master/welcome,242
2021-09-01 10:27:10.864,/master/sign-in,525
2021-09-01 10:27:11.693,/master/welcome,530
2021-09-01 10:27:12.28,/authenticated/task/list,537
2021-09-01 10:27:13.076,/authenticated/task/show,531
2021-09-01 10:27:13.387,/master/welcome,221
2021-09-01 10:27:13.932,/master/welcome,520
2021-09-01 10:27:14.185,/master/welcome,235
2021-09-01 10:27:14.428,/master/welcome,237
2021-09-01 10:27:14.98,/master/sign-in,526
2021-09-01 10:27:15.803,/master/welcome,521
2021-09-01 10:27:16.371,/authenticated/task/list,523
2021-09-01 10:27:17.144,/authenticated/task/show,528
2021-09-01 10:27:17.464,/master/welcome,226
2021-09-01 10:27:18.016,/master/welcome,526
2021-09-01 10:27:18.273,/master/welcome,242
2021-09-01 10:27:22.223,/master/welcome,294
2021-09-01 10:27:22.48,/master/welcome,251
2021-09-01 10:27:23.036,/master/sign-in,532
2021-09-01 10:27:24.39,/master/welcome,1049
2021-09-01 10:27:33.81,/master/welcome,586
2021-09-01 10:27:34.371,/master/welcome,529
2021-09-01 10:27:34.903,/master/welcome,510
2021-09-01 10:27:35.458,/master/welcome,550
2021-09-01 10:27:36.518,/master/sign-in,1034
2021-09-01 10:27:37.818,/master/welcome,530
2021-09-01 10:27:39.421,/manageracc/task/create,1554
2021-09-01 10:27:41.135,/master/welcome,1571
2021-09-01 10:27:42.213,/manageracc/task/list,1039
2021-09-01 10:27:44.415,/manageracc/task/show,1040
2021-09-01 10:27:45.081,/master/welcome,543
2021-09-01 10:27:45.641,/master/welcome,536
2021-09-01 10:27:46.181,/master/welcome,518
2021-09-01 10:27:46.72,/master/welcome,534
2021-09-01 10:27:47.778,/master/sign-in,1033
2021-09-01 10:27:49.528,/master/welcome,1030
2021-09-01 10:27:50.643,/manageracc/task/create,1056
2021-09-01 10:27:52.354,/master/welcome,1568
2021-09-01 10:27:53.425,/manageracc/task/list,1035
2021-09-01 10:27:55.426,/manageracc/task/show,1041
2021-09-01 10:27:56.066,/master/welcome,536
2021-09-01 10:27:56.626,/master/welcome,524
2021-09-01 10:27:57.165,/master/welcome,518
2021-09-01 10:27:57.684,/master/welcome,513
2021-09-01 10:27:58.282,/master/sign-in,555
2021-09-01 10:28:00.145,/master/welcome,1048
2021-09-01 10:28:01.231,/manageracc/task/create,1040
2021-09-01 10:28:02.37,/manageracc/task/create,1048
2021-09-01 10:28:02.939,/master/welcome,560
2021-09-01 10:28:03.49,/master/welcome,529
2021-09-01 10:28:04.017,/master/welcome,506
2021-09-01 10:28:04.555,/master/welcome,531
2021-09-01 10:28:05.615,/master/sign-in,1036
2021-09-01 10:28:06.925,/master/welcome,537
2021-09-01 10:28:08.01,/manageracc/task/create,1039
2021-09-01 10:28:09.185,/manageracc/task/create,1038
2021-09-01 10:28:09.71,/master/welcome,516
2021-09-01 10:28:10.262,/master/welcome,527
2021-09-01 10:28:10.794,/master/welcome,516
2021-09-01 10:28:11.329,/master/welcome,530
2021-09-01 10:28:12.405,/master/sign-in,1052
2021-09-01 10:28:13.697,/master/welcome,536
2021-09-01 10:28:14.78,/manageracc/task/create,1036
2021-09-01 10:28:15.964,/manageracc/task/create,1042
2021-09-01 10:28:16.512,/master/welcome,536
2021-09-01 10:28:17.073,/master/welcome,537
2021-09-01 10:28:17.631,/master/welcome,539
2021-09-01 10:28:18.181,/master/welcome,541
2021-09-01 10:28:19.241,/master/sign-in,1037
2021-09-01 10:28:21.006,/master/welcome,1029
2021-09-01 10:28:22.095,/manageracc/task/create,1045
2021-09-01 10:28:23.263,/manageracc/task/create,1028
2021-09-01 10:28:23.786,/master/welcome,509
2021-09-01 10:28:24.86,/master/welcome,1050
2021-09-01 10:28:28.515,/master/welcome,270
2021-09-01 10:28:28.78,/master/welcome,260
2021-09-01 10:28:29.334,/master/sign-in,524
2021-09-01 10:28:30.167,/master/welcome,532
2021-09-01 10:28:39.312,/master/welcome,303
2021-09-01 10:28:39.873,/master/welcome,522
2021-09-01 10:28:40.135,/master/welcome,238
2021-09-01 10:28:40.375,/master/welcome,234
2021-09-01 10:28:40.927,/master/sign-in,527
2021-09-01 10:28:41.754,/master/welcome,523
2021-09-01 10:28:42.321,/manageracc/task/list,521
2021-09-01 10:28:43.085,/manageracc/task/show,515
2021-09-01 10:28:44.736,/manageracc/task/list,524
2021-09-01 10:28:45.0,/master/welcome,257
2021-09-01 10:28:45.56,/master/welcome,531
2021-09-01 10:28:45.811,/master/welcome,236
2021-09-01 10:28:46.058,/master/welcome,237
2021-09-01 10:28:46.603,/master/sign-in,522
2021-09-01 10:28:47.423,/master/welcome,523
2021-09-01 10:28:47.993,/manageracc/task/list,527
2021-09-01 10:28:48.764,/manageracc/task/show,529
2021-09-01 10:28:50.412,/manageracc/task/list,529
2021-09-01 10:28:50.667,/master/welcome,249
2021-09-01 10:28:51.207,/master/welcome,518
2021-09-01 10:28:51.456,/master/welcome,231
2021-09-01 10:28:51.995,/master/welcome,241
2021-09-01 10:28:52.233,/master/welcome,227
2021-09-01 10:28:52.828,/master/sign-in,518
2021-09-01 10:28:53.65,/master/welcome,529
2021-09-01 10:28:54.317,/master/welcome,323
2021-09-01 10:28:54.87,/master/welcome,530
2021-09-01 10:28:55.141,/master/welcome,255
2021-09-01 10:28:55.391,/master/welcome,244
2021-09-01 10:28:55.936,/master/sign-in,522
2021-09-01 10:28:56.769,/master/welcome,531
2021-09-01 10:28:58.699,/master/welcome,523
2021-09-01 10:28:58.96,/master/welcome,246
2021-09-01 10:28:59.512,/master/welcome,527
2021-09-01 10:29:03.186,/master/welcome,290
2021-09-01 10:29:03.431,/master/welcome,239
2021-09-01 10:29:03.98,/master/sign-in,520
2021-09-01 10:29:04.8,/master/welcome,525
2021-09-01 10:29:13.956,/master/welcome,307
2021-09-01 10:29:14.51,/master/welcome,521
2021-09-01 10:29:14.765,/master/welcome,235
2021-09-01 10:29:15.009,/master/welcome,236
2021-09-01 10:29:15.565,/master/sign-in,531
2021-09-01 10:29:16.376,/master/welcome,516
2021-09-01 10:29:16.932,/manageracc/task/list,515
2021-09-01 10:29:17.488,/manageracc/task/show,520
2021-09-01 10:29:18.189,/manageracc/task/list,531
2021-09-01 10:29:18.954,/manageracc/task/show,526
2021-09-01 10:29:19.329,/master/welcome,250
2021-09-01 10:29:19.871,/master/welcome,518
2021-09-01 10:29:20.128,/master/welcome,227
2021-09-01 10:29:20.371,/master/welcome,237
2021-09-01 10:29:20.926,/master/sign-in,529
2021-09-01 10:29:21.748,/master/welcome,528
2021-09-01 10:29:22.32,/manageracc/task/list,529
2021-09-01 10:29:22.875,/manageracc/task/show,517
2021-09-01 10:29:24.733,/manageracc/task/list,525
2021-09-01 10:29:25.292,/manageracc/task/show,521
2021-09-01 10:29:25.647,/master/welcome,250
2021-09-01 10:29:26.195,/master/welcome,524
2021-09-01 10:29:26.47,/master/welcome,244
2021-09-01 10:29:26.728,/master/welcome,252
2021-09-01 10:29:27.295,/master/sign-in,529
2021-09-01 10:29:28.108,/master/welcome,523
2021-09-01 10:29:28.678,/manageracc/task/list,527
2021-09-01 10:29:29.234,/manageracc/task/show,521
2021-09-01 10:29:29.881,/manageracc/task/update,525
2021-09-01 10:29:30.145,/master/welcome,255
2021-09-01 10:29:30.695,/master/welcome,522
2021-09-01 10:29:30.982,/master/welcome,263
2021-09-01 10:29:31.239,/master/welcome,244
2021-09-01 10:29:31.783,/master/sign-in,520
2021-09-01 10:29:32.605,/master/welcome,521
2021-09-01 10:29:33.171,/manageracc/task/list,524
2021-09-01 10:29:33.723,/manageracc/task/show,516
2021-09-01 10:29:34.407,/manageracc/task/update,518
2021-09-01 10:29:34.664,/master/welcome,248
2021-09-01 10:29:35.222,/master/welcome,532
2021-09-01 10:29:35.469,/master/welcome,232
2021-09-01 10:29:35.71,/master/welcome,229
2021-09-01 10:29:36.256,/master/sign-in,524
2021-09-01 10:29:37.072,/master/welcome,518
2021-09-01 10:29:37.63,/manageracc/task/list,515
2021-09-01 10:29:38.195,/manageracc/task/show,529
2021-09-01 10:29:38.876,/manageracc/task/update,522
2021-09-01 10:29:39.132,/master/welcome,244
2021-09-01 10:29:39.684,/master/welcome,525
2021-09-01 10:29:39.933,/master/welcome,233
2021-09-01 10:29:40.173,/master/welcome,234
2021-09-01 10:29:40.728,/master/sign-in,528
2021-09-01 10:29:41.549,/master/welcome,521
2021-09-01 10:29:42.118,/manageracc/task/list,526
2021-09-01 10:29:42.674,/manageracc/task/show,521
2021-09-01 10:29:43.369,/manageracc/task/update,528
2021-09-01 10:29:43.628,/master/welcome,249
2021-09-01 10:29:44.223,/master/welcome,526
2021-09-01 10:29:44.473,/master/welcome,237
2021-09-01 10:29:44.708,/master/welcome,229
2021-09-01 10:29:45.268,/master/sign-in,532
2021-09-01 10:29:46.098,/master/welcome,519
2021-09-01 10:29:46.654,/manageracc/task/list,514
2021-09-01 10:29:47.206,/manageracc/task/show,518
2021-09-01 10:29:47.903,/manageracc/task/update,525
2021-09-01 10:29:48.159,/master/welcome,246
2021-09-01 10:29:48.708,/master/welcome,523
2021-09-01 10:29:48.956,/master/welcome,232
2021-09-01 10:29:49.2,/master/welcome,237
2021-09-01 10:29:49.749,/master/sign-in,524
2021-09-01 10:29:50.567,/master/welcome,519
2021-09-01 10:29:51.134,/manageracc/task/list,525
2021-09-01 10:29:51.687,/manageracc/task/show,518
2021-09-01 10:29:52.482,/manageracc/task/update,520
2021-09-01 10:29:52.745,/master/welcome,254
2021-09-01 10:29:53.3,/master/welcome,530
2021-09-01 10:29:56.952,/master/welcome,267
2021-09-01 10:29:57.202,/master/welcome,242
2021-09-01 10:29:57.749,/master/sign-in,518
2021-09-01 10:29:58.571,/master/welcome,524
2021-09-01 10:30:07.189,/master/welcome,307
2021-09-01 10:30:07.745,/master/welcome,530
2021-09-01 10:30:08.029,/master/welcome,266
2021-09-01 10:30:08.28,/master/welcome,244
2021-09-01 10:30:08.828,/master/sign-in,525
2021-09-01 10:30:09.645,/master/welcome,519
2021-09-01 10:30:10.212,/manageracc/task/list,524
2021-09-01 10:30:11.0,/manageracc/task/show,521
2021-09-01 10:30:11.353,/master/welcome,251
2021-09-01 10:30:11.91,/master/welcome,521
2021-09-01 10:30:12.179,/master/welcome,235
2021-09-01 10:30:12.429,/master/welcome,241
2021-09-01 10:30:12.976,/master/sign-in,525
2021-09-01 10:30:13.797,/master/welcome,518
2021-09-01 10:30:14.367,/manageracc/task/list,523
2021-09-01 10:30:15.141,/manageracc/task/show,520
2021-09-01 10:30:15.515,/master/welcome,256
2021-09-01 10:30:16.057,/master/welcome,519
2021-09-01 10:30:16.337,/master/welcome,233
2021-09-01 10:30:16.861,/master/welcome,239
2021-09-01 10:30:17.119,/master/welcome,246
2021-09-01 10:30:17.674,/master/sign-in,531
2021-09-01 10:30:18.493,/master/welcome,519
2021-09-01 10:30:19.122,/master/welcome,300
2021-09-01 10:30:19.674,/master/welcome,528
2021-09-01 10:30:23.318,/master/welcome,274
2021-09-01 10:30:23.563,/master/welcome,239
2021-09-01 10:30:24.114,/master/sign-in,523
2021-09-01 10:30:24.936,/master/welcome,518
2021-09-01 10:30:33.585,/master/welcome,293
2021-09-01 10:30:34.13,/master/welcome,519
2021-09-01 10:30:34.404,/master/welcome,254
2021-09-01 10:30:34.656,/master/welcome,245
2021-09-01 10:30:35.215,/master/sign-in,533
2021-09-01 10:30:36.036,/master/welcome,518
2021-09-01 10:30:36.622,/administrator/spamword/list,537
2021-09-01 10:30:37.236,/administrator/spamword/show,522
2021-09-01 10:30:38.81,/administrator/spamword/list,531
2021-09-01 10:30:40.737,/master/welcome,530
2021-09-01 10:30:41.033,/master/welcome,290
2021-09-01 10:30:41.576,/master/welcome,517
2021-09-01 10:30:41.829,/master/welcome,239
2021-09-01 10:30:42.068,/master/welcome,234
2021-09-01 10:30:42.62,/master/sign-in,525
2021-09-01 10:30:43.436,/master/welcome,518
2021-09-01 10:30:44.004,/administrator/spamword/list,525
2021-09-01 10:30:44.605,/administrator/spamword/show,523
2021-09-01 10:30:46.175,/administrator/spamword/list,522
2021-09-01 10:30:47.657,/master/welcome,560
2021-09-01 10:30:47.957,/master/welcome,294
2021-09-01 10:30:48.513,/master/welcome,528
2021-09-01 10:30:48.78,/master/welcome,244
2021-09-01 10:30:49.02,/master/welcome,233
2021-09-01 10:30:49.566,/master/sign-in,523
2021-09-01 10:30:50.38,/master/welcome,518
2021-09-01 10:30:50.95,/administrator/spamword/list,525
2021-09-01 10:30:51.546,/administrator/spamword/show,516
2021-09-01 10:30:52.097,/administrator/spamword/update,522
2021-09-01 10:30:52.747,/master/welcome,293
2021-09-01 10:30:53.299,/master/welcome,526
2021-09-01 10:30:53.556,/master/welcome,240
2021-09-01 10:30:54.088,/master/welcome,244
2021-09-01 10:30:54.326,/master/welcome,232
2021-09-01 10:30:54.891,/master/sign-in,538
2021-09-01 10:30:55.787,/master/welcome,518
2021-09-01 10:30:56.327,/master/welcome,246
2021-09-01 10:30:56.875,/master/welcome,527
2021-09-01 10:31:00.552,/master/welcome,270
2021-09-01 10:31:00.797,/master/welcome,234
2021-09-01 10:31:01.341,/master/sign-in,519
2021-09-01 10:31:02.155,/master/welcome,521
2021-09-01 10:31:11.262,/master/welcome,307
2021-09-01 10:31:11.819,/master/welcome,520
2021-09-01 10:31:12.093,/master/welcome,254
2021-09-01 10:31:12.341,/master/welcome,243
2021-09-01 10:31:12.89,/master/sign-in,525
2021-09-01 10:31:13.714,/master/welcome,522
2021-09-01 10:31:14.801,/administrator/spamword/create,1043
2021-09-01 10:31:16.397,/master/welcome,1544
2021-09-01 10:31:17.478,/administrator/spamword/list,1041
2021-09-01 10:31:18.74,/master/welcome,569
2021-09-01 10:31:19.302,/master/welcome,535
2021-09-01 10:31:19.87,/master/welcome,549
2021-09-01 10:31:20.389,/master/welcome,513
2021-09-01 10:31:21.445,/master/sign-in,1028
2021-09-01 10:31:23.275,/master/welcome,1050
2021-09-01 10:31:24.368,/administrator/spamword/create,1049
2021-09-01 10:31:25.989,/master/welcome,1556
2021-09-01 10:31:27.064,/administrator/spamword/list,1035
2021-09-01 10:31:28.327,/master/welcome,581
2021-09-01 10:31:28.892,/master/welcome,540
2021-09-01 10:31:29.411,/master/welcome,502
2021-09-01 10:31:29.942,/master/welcome,526
2021-09-01 10:31:31.021,/master/sign-in,1055
2021-09-01 10:31:32.776,/master/welcome,1032
2021-09-01 10:31:33.859,/administrator/spamword/create,1041
2021-09-01 10:31:34.926,/administrator/spamword/create,1044
2021-09-01 10:31:35.516,/master/welcome,580
2021-09-01 10:31:36.067,/master/welcome,529
2021-09-01 10:31:36.603,/master/welcome,520
2021-09-01 10:31:37.68,/master/welcome,525
2021-09-01 10:31:38.22,/master/welcome,535
2021-09-01 10:31:39.278,/master/sign-in,1034
2021-09-01 10:31:41.07,/master/welcome,1064
2021-09-01 10:31:42.169,/master/welcome,531
2021-09-01 10:31:43.23,/master/welcome,1038
2021-09-01 10:31:46.899,/master/welcome,271
2021-09-01 10:31:47.166,/master/welcome,255
2021-09-01 10:31:47.728,/master/sign-in,530
2021-09-01 10:31:48.552,/master/welcome,519
2021-09-01 10:31:57.667,/master/welcome,295
2021-09-01 10:31:58.231,/master/welcome,531
2021-09-01 10:31:58.478,/master/welcome,233
2021-09-01 10:31:58.724,/master/welcome,237
2021-09-01 10:31:59.261,/master/sign-in,514
2021-09-01 10:32:00.08,/master/welcome,518
2021-09-01 10:32:01.998,/master/welcome,524
2021-09-01 10:32:02.64,/master/welcome,294
2021-09-01 10:32:03.191,/master/welcome,527
2021-09-01 10:32:03.439,/master/welcome,230
2021-09-01 10:32:03.945,/master/welcome,235
2021-09-01 10:32:04.182,/master/welcome,232
2021-09-01 10:32:04.738,/master/sign-in,529
2021-09-01 10:32:05.546,/master/welcome,519
2021-09-01 10:32:06.076,/master/welcome,243
2021-09-01 10:32:06.652,/master/welcome,528
2021-09-01 10:32:10.313,/master/welcome,279
2021-09-01 10:32:10.559,/master/welcome,240
2021-09-01 10:32:11.108,/master/sign-in,519
2021-09-01 10:32:11.927,/master/welcome,518
2021-09-01 10:32:21.048,/master/welcome,298
2021-09-01 10:32:21.612,/master/welcome,529
2021-09-01 10:32:21.883,/master/welcome,250
2021-09-01 10:32:22.143,/master/welcome,250
2021-09-01 10:32:22.696,/master/sign-in,527
2021-09-01 10:32:23.533,/master/welcome,532
2021-09-01 10:32:24.1,/administrator/spamword/list,521
2021-09-01 10:32:24.716,/administrator/spamword/show,523
2021-09-01 10:32:25.029,/master/welcome,289
2021-09-01 10:32:25.585,/master/welcome,531
2021-09-01 10:32:25.852,/master/welcome,252
2021-09-01 10:32:26.116,/master/welcome,257
2021-09-01 10:32:26.669,/master/sign-in,527
2021-09-01 10:32:27.491,/master/welcome,522
2021-09-01 10:32:28.06,/administrator/spamword/list,524
2021-09-01 10:32:28.665,/administrator/spamword/show,525
2021-09-01 10:32:28.99,/master/welcome,303
2021-09-01 10:32:29.57,/master/welcome,549
2021-09-01 10:32:29.84,/master/welcome,248
2021-09-01 10:32:30.085,/master/welcome,237
2021-09-01 10:32:30.634,/master/sign-in,522
2021-09-01 10:32:31.451,/master/welcome,519
2021-09-01 10:32:32.023,/administrator/spamword/list,525
2021-09-01 10:32:32.623,/administrator/spamword/show,518
2021-09-01 10:32:32.939,/master/welcome,291
2021-09-01 10:32:33.488,/master/welcome,525
2021-09-01 10:32:33.761,/master/welcome,254
2021-09-01 10:32:34.011,/master/welcome,244
2021-09-01 10:32:34.565,/master/sign-in,528
2021-09-01 10:32:35.433,/master/welcome,520
2021-09-01 10:32:36.0,/administrator/spamword/list,524
2021-09-01 10:32:36.601,/administrator/spamword/show,517
2021-09-01 10:32:36.924,/master/welcome,299
2021-09-01 10:32:37.473,/master/welcome,525
2021-09-01 10:32:37.728,/master/welcome,238
2021-09-01 10:32:38.276,/master/welcome,247
2021-09-01 10:32:38.516,/master/welcome,233
2021-09-01 10:32:39.068,/master/sign-in,529
2021-09-01 10:32:39.888,/master/welcome,518
2021-09-01 10:32:40.445,/master/welcome,256
2021-09-01 10:32:40.995,/master/welcome,527
2021-09-01 10:32:41.244,/master/welcome,233
2021-09-01 10:32:41.802,/anonymous/shout/create,522
2021-09-01 10:32:42.452,/master/welcome,531
2021-09-01 10:32:43.051,/anonymous/shout/list,559
2021-09-01 10:32:43.438,/master/welcome,242
2021-09-01 10:32:44.002,/anonymous/shout/create,523
2021-09-01 10:32:44.651,/anonymous/shout/create,527
2021-09-01 10:32:44.906,/master/welcome,240
2021-09-01 10:32:45.149,/master/welcome,235
2021-09-01 10:32:45.697,/master/sign-in,525
2021-09-01 10:32:46.55,/master/welcome,559
2021-09-01 10:32:47.119,/manageracc/task/create,524
2021-09-01 10:32:48.315,/master/welcome,1037
2021-09-01 10:32:48.873,/manageracc/task/list,520
2021-09-01 10:32:49.647,/manageracc/task/show,524
2021-09-01 10:32:50.006,/master/welcome,256
2021-09-01 10:32:50.567,/master/welcome,535
2021-09-01 10:32:50.822,/master/welcome,237
2021-09-01 10:32:51.075,/master/welcome,247
2021-09-01 10:32:51.626,/master/sign-in,526
2021-09-01 10:32:52.445,/master/welcome,528
2021-09-01 10:32:53.013,/manageracc/task/create,526
2021-09-01 10:32:53.7,/master/welcome,539
2021-09-01 10:32:54.264,/manageracc/task/list,524
2021-09-01 10:32:55.035,/manageracc/task/show,517
2021-09-01 10:32:55.396,/master/welcome,255
2021-09-01 10:32:55.946,/master/welcome,527
2021-09-01 10:32:59.606,/master/welcome,271
2021-09-01 10:32:59.855,/master/welcome,242
2021-09-01 10:33:00.412,/master/sign-in,527
2021-09-01 10:33:01.226,/master/welcome,517
2021-09-01 10:33:09.857,/master/welcome,307
2021-09-01 10:33:10.411,/master/welcome,531
2021-09-01 10:33:10.69,/master/welcome,254
2021-09-01 10:33:11.262,/anonymous/shout/list,530
2021-09-01 10:33:11.701,/master/welcome,248
2021-09-01 10:33:12.262,/anonymous/shout/list,516
2021-09-01 10:33:12.696,/master/welcome,244
2021-09-01 10:33:12.937,/master/welcome,236
2021-09-01 10:33:13.484,/master/sign-in,520
2021-09-01 10:33:14.32,/master/welcome,532
2021-09-01 10:33:14.969,/master/welcome,311
2021-09-01 10:33:15.518,/master/welcome,523
2021-09-01 10:33:15.766,/master/welcome,231
2021-09-01 10:33:16.013,/master/welcome,236
2021-09-01 10:33:16.563,/master/sign-in,526
2021-09-01 10:33:17.38,/master/welcome,516
2021-09-01 10:33:17.942,/master/welcome,254
2021-09-01 10:33:18.487,/master/welcome,519
2021-09-01 10:33:22.145,/master/welcome,272
2021-09-01 10:33:22.392,/master/welcome,241
2021-09-01 10:33:22.94,/master/sign-in,521
2021-09-01 10:33:23.762,/master/welcome,527
2021-09-01 10:33:32.869,/master/welcome,303
2021-09-01 10:33:33.433,/master/welcome,530
2021-09-01 10:33:33.688,/master/welcome,236
2021-09-01 10:33:34.255,/anonymous/shout/create,524
2021-09-01 10:33:35.914,/master/welcome,519
2021-09-01 10:33:36.474,/anonymous/shout/list,523
2021-09-01 10:33:36.876,/master/welcome,240
2021-09-01 10:33:37.436,/anonymous/shout/create,518
2021-09-01 10:33:38.08,/master/welcome,526
2021-09-01 10:33:38.641,/anonymous/shout/list,521
2021-09-01 10:33:39.011,/master/welcome,237
2021-09-01 10:33:39.578,/anonymous/shout/create,527
2021-09-01 10:33:40.246,/master/welcome,530
2021-09-01 10:33:40.814,/anonymous/shout/list,528
2021-09-01 10:33:41.207,/master/welcome,255
2021-09-01 10:33:41.824,/anonymous/shout/create,563
2021-09-01 10:33:43.026,/master/welcome,1043
2021-09-01 10:33:43.595,/anonymous/shout/list,527
2021-09-01 10:33:43.986,/master/welcome,241
2021-09-01 10:33:44.551,/anonymous/shout/create,524
2021-09-01 10:33:45.219,/master/welcome,530
2021-09-01 10:33:45.806,/anonymous/shout/list,529
2021-09-01 10:33:46.331,/master/welcome,249
2021-09-01 10:33:46.897,/anonymous/shout/create,526
2021-09-01 10:33:47.587,/master/welcome,535
2021-09-01 10:33:48.155,/anonymous/shout/list,520
2021-09-01 10:33:48.983,/master/welcome,260
2021-09-01 10:33:49.552,/anonymous/shout/create,528
2021-09-01 10:33:50.781,/master/welcome,1062
2021-09-01 10:33:51.348,/anonymous/shout/list,525
2021-09-01 10:33:52.17,/master/welcome,249
2021-09-01 10:33:52.736,/anonymous/shout/create,526
2021-09-01 10:33:53.341,/anonymous/shout/create,530
2021-09-01 10:33:53.603,/master/welcome,244
2021-09-01 10:33:54.163,/anonymous/shout/create,519
2021-09-01 10:33:54.837,/anonymous/shout/create,533
2021-09-01 10:33:55.093,/master/welcome,240
2021-09-01 10:33:55.644,/anonymous/shout/create,515
2021-09-01 10:33:56.263,/anonymous/shout/create,524
2021-09-01 10:33:56.52,/master/welcome,240
2021-09-01 10:33:57.08,/anonymous/shout/create,518
2021-09-01 10:33:57.711,/anonymous/shout/create,530
2021-09-01 10:33:57.971,/master/welcome,241
2021-09-01 10:33:58.549,/anonymous/shout/create,539
2021-09-01 10:33:59.173,/anonymous/shout/create,526
2021-09-01 10:33:59.431,/master/welcome,242
2021-09-01 10:33:59.983,/anonymous/shout/create,515
2021-09-01 10:34:00.612,/anonymous/shout/create,531
2021-09-01 10:34:00.878,/master/welcome,250
2021-09-01 10:34:01.442,/anonymous/shout/create,522
2021-09-01 10:34:02.069,/anonymous/shout/create,525
2021-09-01 10:34:02.336,/master/welcome,251
2021-09-01 10:34:02.947,/anonymous/shout/create,560
2021-09-01 10:34:03.545,/anonymous/shout/create,522
2021-09-01 10:34:03.811,/master/welcome,247
2021-09-01 10:34:04.368,/anonymous/shout/create,517
2021-09-01 10:34:04.997,/anonymous/shout/create,521
2021-09-01 10:34:05.247,/master/welcome,232
2021-09-01 10:34:05.802,/anonymous/shout/create,517
2021-09-01 10:34:06.422,/anonymous/shout/create,531
2021-09-01 10:34:06.675,/master/welcome,236
2021-09-01 10:34:06.943,/master/welcome,246
2021-09-01 10:34:07.5,/master/sign-in,533
2021-09-01 10:34:08.318,/master/welcome,522
2021-09-01 10:34:08.952,/master/welcome,295
2021-09-01 10:34:09.502,/master/welcome,526
2021-09-01 10:34:09.754,/master/welcome,238
2021-09-01 10:34:09.999,/master/welcome,236
2021-09-01 10:34:10.542,/master/sign-in,520
2021-09-01 10:34:11.367,/master/welcome,534
2021-09-01 10:34:11.938,/master/welcome,270
2021-09-01 10:34:12.492,/master/welcome,531
2021-09-01 10:34:16.148,/master/welcome,271
2021-09-01 10:34:16.396,/master/welcome,242
2021-09-01 10:34:16.944,/master/sign-in,524
2021-09-01 10:34:17.777,/master/welcome,532
2021-09-01 10:34:26.885,/master/welcome,300
2021-09-01 10:34:27.434,/master/welcome,527
2021-09-01 10:34:27.688,/master/welcome,238
2021-09-01 10:34:27.935,/master/welcome,238
2021-09-01 10:34:28.484,/master/sign-in,526
2021-09-01 10:34:29.313,/master/welcome,527
2021-09-01 10:34:29.881,/authenticated/manager/create,527
2021-09-01 10:34:30.438,/master/welcome,546
2021-09-01 10:34:30.709,/master/welcome,263
2021-09-01 10:34:31.257,/master/welcome,524
2021-09-01 10:34:31.507,/master/welcome,236
2021-09-01 10:34:31.752,/master/welcome,237
2021-09-01 10:34:32.301,/master/sign-in,526
2021-09-01 10:34:33.124,/master/welcome,524
2021-09-01 10:34:36.986,/master/welcome,270
2021-09-01 10:34:37.235,/master/welcome,243
2021-09-01 10:34:37.796,/master/sign-in,526
2021-09-01 10:34:38.622,/master/welcome,528
2021-09-01 10:34:46.705,/master/welcome,307
2021-09-01 10:34:47.256,/master/welcome,523
2021-09-01 10:34:47.511,/master/welcome,236
2021-09-01 10:34:48.123,/anonymous/task/list,571
2021-09-01 10:34:48.923,/anonymous/task/show,527
2021-09-01 10:34:49.276,/master/welcome,262
2021-09-01 10:34:49.84,/anonymous/task/list,520
2021-09-01 10:34:50.603,/anonymous/task/show,524
2021-09-01 10:34:50.93,/master/welcome,235
2021-09-01 10:34:51.175,/master/welcome,237
2021-09-01 10:34:51.724,/master/sign-in,527
2021-09-01 10:34:52.545,/master/welcome,519
2021-09-01 10:34:53.028,/master/welcome,220
2021-09-01 10:34:53.572,/master/welcome,520
2021-09-01 10:34:53.846,/master/welcome,259
2021-09-01 10:34:54.085,/master/welcome,233
2021-09-01 10:34:54.632,/master/sign-in,523
2021-09-01 10:34:55.466,/master/welcome,528
2021-09-01 10:34:56.106,/master/welcome,297
2021-09-01 10:34:56.668,/master/welcome,534
2021-09-01 10:35:00.325,/master/welcome,269
2021-09-01 10:35:00.573,/master/welcome,240
2021-09-01 10:35:01.132,/master/sign-in,530
2021-09-01 10:35:01.95,/master/welcome,523
2021-09-01 10:35:11.104,/master/welcome,297
2021-09-01 10:35:11.67,/master/welcome,529
2021-09-01 10:35:11.936,/master/welcome,246
2021-09-01 10:35:12.184,/master/welcome,242
2021-09-01 10:35:12.728,/anonymous/user-account/create,521
2021-09-01 10:35:14.656,/master/welcome,531
2021-09-01 10:35:14.901,/master/welcome,227
2021-09-01 10:35:15.451,/master/sign-in,528
2021-09-01 10:35:16.267,/master/welcome,526
2021-09-01 10:35:16.837,/authenticated/user-account/update,527
2021-09-01 10:35:17.111,/master/welcome,217
2021-09-01 10:35:17.655,/master/welcome,518
2021-09-01 10:35:17.905,/master/welcome,236
2021-09-01 10:35:18.14,/master/welcome,229
2021-09-01 10:35:18.685,/anonymous/user-account/create,520
2021-09-01 10:35:20.123,/master/welcome,1043
2021-09-01 10:35:20.375,/master/welcome,239
2021-09-01 10:35:20.93,/master/sign-in,528
2021-09-01 10:35:21.752,/master/welcome,532
2021-09-01 10:35:22.323,/authenticated/user-account/update,522
2021-09-01 10:35:22.599,/master/welcome,217
2021-09-01 10:35:23.152,/master/welcome,527
2021-09-01 10:35:23.399,/master/welcome,233
2021-09-01 10:35:23.644,/master/welcome,233
2021-09-01 10:35:24.215,/anonymous/user-account/create,526
2021-09-01 10:35:25.163,/master/welcome,537
2021-09-01 10:35:25.443,/master/welcome,245
2021-09-01 10:35:25.993,/master/sign-in,526
2021-09-01 10:35:26.799,/master/welcome,519
2021-09-01 10:35:27.37,/authenticated/user-account/update,527
2021-09-01 10:35:27.648,/master/welcome,221
2021-09-01 10:35:28.21,/master/welcome,531
2021-09-01 10:35:28.464,/master/welcome,238
2021-09-01 10:35:28.703,/master/welcome,233
2021-09-01 10:35:29.246,/anonymous/user-account/create,521
2021-09-01 10:35:31.202,/master/welcome,520
2021-09-01 10:35:31.45,/master/welcome,234
2021-09-01 10:35:32.005,/master/sign-in,528
2021-09-01 10:35:32.868,/master/welcome,517
2021-09-01 10:35:33.436,/authenticated/user-account/update,527
2021-09-01 10:35:33.717,/master/welcome,219
2021-09-01 10:35:34.269,/master/welcome,529
2021-09-01 10:35:34.527,/master/welcome,244
2021-09-01 10:35:34.77,/master/welcome,234
2021-09-01 10:35:35.326,/anonymous/user-account/create,532
2021-09-01 10:35:36.762,/master/welcome,1040
2021-09-01 10:35:37.008,/master/welcome,236
2021-09-01 10:35:37.553,/master/sign-in,521
2021-09-01 10:35:38.386,/master/welcome,523
2021-09-01 10:35:38.956,/authenticated/user-account/update,526
2021-09-01 10:35:39.245,/master/welcome,233
2021-09-01 10:35:39.793,/master/welcome,522
2021-09-01 10:35:40.046,/master/welcome,239
2021-09-01 10:35:40.284,/master/welcome,233
2021-09-01 10:35:40.87,/anonymous/user-account/create,537
2021-09-01 10:35:41.8,/master/welcome,539
2021-09-01 10:35:42.046,/master/welcome,233
2021-09-01 10:35:42.592,/master/sign-in,519
2021-09-01 10:35:43.408,/master/welcome,530
2021-09-01 10:35:43.977,/authenticated/user-account/update,526
2021-09-01 10:35:44.246,/master/welcome,212
2021-09-01 10:35:44.795,/master/welcome,524
2021-09-01 10:35:45.054,/master/welcome,245
2021-09-01 10:35:45.299,/master/welcome,239
2021-09-01 10:35:45.856,/anonymous/user-account/create,525
2021-09-01 10:35:47.291,/master/welcome,1039
2021-09-01 10:35:47.538,/master/welcome,235
2021-09-01 10:35:48.087,/master/sign-in,525
2021-09-01 10:35:48.906,/master/welcome,531
2021-09-01 10:35:49.471,/authenticated/user-account/update,520
2021-09-01 10:35:49.754,/master/welcome,224
2021-09-01 10:35:50.296,/master/welcome,520
2021-09-01 10:35:50.542,/master/welcome,233
2021-09-01 10:35:50.787,/master/welcome,239
2021-09-01 10:35:51.333,/anonymous/user-account/create,523
2021-09-01 10:35:53.248,/master/welcome,518
2021-09-01 10:35:53.496,/master/welcome,237
2021-09-01 10:35:54.053,/master/sign-in,530
2021-09-01 10:35:54.88,/master/welcome,534
2021-09-01 10:35:55.453,/authenticated/user-account/update,528
2021-09-01 10:35:55.73,/master/welcome,221
2021-09-01 10:35:56.284,/master/welcome,531
2021-09-01 10:35:56.545,/master/welcome,248
2021-09-01 10:35:56.79,/master/welcome,236
2021-09-01 10:35:57.363,/anonymous/user-account/create,549
2021-09-01 10:35:58.81,/master/welcome,1058
2021-09-01 10:35:59.051,/master/welcome,231
2021-09-01 10:35:59.597,/master/sign-in,520
2021-09-01 10:36:00.403,/master/welcome,520
2021-09-01 10:36:00.969,/authenticated/user-account/update,523
2021-09-01 10:36:01.249,/master/welcome,225
2021-09-01 10:36:01.82,/master/welcome,528
2021-09-01 10:36:02.072,/master/welcome,238
2021-09-01 10:36:02.32,/master/welcome,238
2021-09-01 10:36:02.867,/anonymous/user-account/create,522
2021-09-01 10:36:04.784,/master/welcome,520
2021-09-01 10:36:05.025,/master/welcome,230
2021-09-01 10:36:05.586,/master/sign-in,533
2021-09-01 10:36:06.456,/master/welcome,525
2021-09-01 10:36:07.013,/authenticated/user-account/update,516
2021-09-01 10:36:07.287,/master/welcome,212
2021-09-01 10:36:07.838,/master/welcome,525
2021-09-01 10:36:08.097,/master/welcome,246
2021-09-01 10:36:08.347,/master/welcome,242
2021-09-01 10:36:08.901,/anonymous/user-account/create,527
2021-09-01 10:36:09.862,/master/welcome,535
2021-09-01 10:36:10.121,/master/welcome,244
2021-09-01 10:36:10.671,/master/sign-in,526
2021-09-01 10:36:11.475,/master/welcome,516
2021-09-01 10:36:12.044,/authenticated/user-account/update,525
2021-09-01 10:36:12.326,/master/welcome,224
2021-09-01 10:36:12.878,/master/welcome,530
2021-09-01 10:36:13.129,/master/welcome,237
2021-09-01 10:36:13.367,/master/welcome,233
2021-09-01 10:36:13.918,/anonymous/user-account/create,527
2021-09-01 10:36:15.843,/master/welcome,524
2021-09-01 10:36:16.088,/master/welcome,234
2021-09-01 10:36:16.643,/master/sign-in,529
2021-09-01 10:36:17.463,/master/welcome,528
2021-09-01 10:36:18.026,/authenticated/user-account/update,517
2021-09-01 10:36:18.306,/master/welcome,220
2021-09-01 10:36:18.853,/master/welcome,521
2021-09-01 10:36:19.134,/master/welcome,249
2021-09-01 10:36:19.684,/anonymous/user-account/create,530
2021-09-01 10:36:20.668,/anonymous/user-account/create,518
2021-09-01 10:36:20.916,/master/welcome,232
2021-09-01 10:36:21.448,/anonymous/user-account/create,522
2021-09-01 10:36:22.36,/anonymous/user-account/create,521
2021-09-01 10:36:22.617,/master/welcome,241
2021-09-01 10:36:23.153,/anonymous/user-account/create,528
2021-09-01 10:36:24.049,/anonymous/user-account/create,518
2021-09-01 10:36:24.324,/master/welcome,261
2021-09-01 10:36:24.864,/anonymous/user-account/create,531
2021-09-01 10:36:25.777,/anonymous/user-account/create,519
2021-09-01 10:36:26.031,/master/welcome,239
2021-09-01 10:36:26.571,/anonymous/user-account/create,526
2021-09-01 10:36:27.521,/anonymous/user-account/create,525
2021-09-01 10:36:27.774,/master/welcome,237
2021-09-01 10:36:28.314,/anonymous/user-account/create,531
2021-09-01 10:36:29.234,/anonymous/user-account/create,524
2021-09-01 10:36:29.495,/master/welcome,242
2021-09-01 10:36:30.033,/anonymous/user-account/create,529
2021-09-01 10:36:30.944,/anonymous/user-account/create,519
2021-09-01 10:36:31.202,/master/welcome,246
2021-09-01 10:36:31.733,/anonymous/user-account/create,518
2021-09-01 10:36:32.685,/anonymous/user-account/create,522
2021-09-01 10:36:32.938,/master/welcome,239
2021-09-01 10:36:33.472,/anonymous/user-account/create,521
2021-09-01 10:36:34.385,/anonymous/user-account/create,520
2021-09-01 10:36:34.646,/master/welcome,245
2021-09-01 10:36:35.18,/anonymous/user-account/create,521
2021-09-01 10:36:36.077,/anonymous/user-account/create,516
2021-09-01 10:36:36.349,/master/welcome,254
2021-09-01 10:36:36.937,/anonymous/user-account/create,543
2021-09-01 10:36:37.886,/anonymous/user-account/create,523
2021-09-01 10:36:41.542,/master/welcome,269
2021-09-01 10:36:41.79,/master/welcome,236
2021-09-01 10:36:42.349,/master/sign-in,531
2021-09-01 10:36:43.167,/master/welcome,521
2021-09-01 10:36:52.333,/master/welcome,306
2021-09-01 10:36:52.898,/master/welcome,539
2021-09-01 10:36:53.169,/master/welcome,249
2021-09-01 10:36:53.41,/master/welcome,234
2021-09-01 10:36:53.956,/master/sign-in,520
2021-09-01 10:36:54.783,/master/welcome,528
2021-09-01 10:36:55.865,/administrator/dashboard/list,1039
2021-09-01 10:36:56.211,/master/welcome,288
2021-09-01 10:36:56.764,/master/welcome,525
2021-09-01 10:36:57.018,/master/welcome,237
2021-09-01 10:36:57.27,/master/welcome,241
2021-09-01 10:36:57.824,/master/sign-in,530
2021-09-01 10:36:58.645,/master/welcome,520
2021-09-01 10:36:59.208,/manageracc/task/create,519
2021-09-01 10:36:59.863,/master/welcome,529
2021-09-01 10:37:00.126,/master/welcome,257
2021-09-01 10:37:00.683,/master/welcome,530
2021-09-01 10:37:00.932,/master/welcome,238
2021-09-01 10:37:01.481,/master/sign-in,521
2021-09-01 10:37:02.294,/master/welcome,519
2021-09-01 10:37:02.86,/administrator/dashboard/list,522
2021-09-01 10:37:03.209,/master/welcome,294
2021-09-01 10:37:03.756,/master/welcome,525
2021-09-01 10:37:04.013,/master/welcome,243
2021-09-01 10:37:04.253,/master/welcome,235
2021-09-01 10:37:04.803,/master/sign-in,522
2021-09-01 10:37:05.696,/master/welcome,531
2021-09-01 10:37:06.264,/manageracc/task/list,517
2021-09-01 10:37:06.821,/manageracc/task/show,518
2021-09-01 10:37:08.387,/manageracc/task/list,522
2021-09-01 10:37:08.988,/master/welcome,557
2021-09-01 10:37:09.542,/master/welcome,530
2021-09-01 10:37:10.103,/master/welcome,541
2021-09-01 10:37:11.165,/master/sign-in,1032
2021-09-01 10:37:12.933,/master/welcome,1044
2021-09-01 10:37:14.035,/administrator/dashboard/list,1042
2021-09-01 10:37:14.675,/master/welcome,591
2021-09-01 10:37:15.244,/master/welcome,534
2021-09-01 10:37:15.798,/master/welcome,528
2021-09-01 10:37:16.855,/master/welcome,505
2021-09-01 10:37:17.393,/master/welcome,532
2021-09-01 10:37:18.457,/master/sign-in,1038
2021-09-01 10:37:20.266,/master/welcome,1053
2021-09-01 10:37:21.412,/master/welcome,561
2021-09-01 10:37:21.965,/master/welcome,529
2021-09-01 10:37:25.505,/master/welcome,271
2021-09-01 10:37:25.754,/master/welcome,242
2021-09-01 10:37:26.307,/master/sign-in,526
2021-09-01 10:37:27.135,/master/welcome,531
2021-09-01 10:37:36.282,/master/welcome,314
2021-09-01 10:37:36.829,/master/welcome,522
2021-09-01 10:37:37.096,/master/welcome,246
2021-09-01 10:37:37.344,/master/welcome,237
2021-09-01 10:37:37.905,/master/sign-in,532
2021-09-01 10:37:38.725,/master/welcome,519
2021-09-01 10:37:39.296,/authenticated/user-account/update,528
2021-09-01 10:37:39.617,/master/welcome,256
2021-09-01 10:37:40.161,/master/welcome,520
2021-09-01 10:37:40.416,/master/welcome,241
2021-09-01 10:37:44.356,/master/welcome,269
2021-09-01 10:37:44.604,/master/welcome,241
2021-09-01 10:37:45.153,/master/sign-in,524
2021-09-01 10:37:45.974,/master/welcome,522
2021-09-01 10:37:55.614,/master/welcome,298
2021-09-01 10:37:56.163,/master/welcome,519
2021-09-01 10:37:56.448,/master/welcome,254
2021-09-01 10:37:56.701,/master/welcome,247
2021-09-01 10:37:57.248,/master/sign-in,524
2021-09-01 10:37:58.063,/master/welcome,516
2021-09-01 10:37:58.632,/authenticated/user-account/update,527
2021-09-01 10:37:59.316,/master/welcome,526
2021-09-01 10:37:59.929,/authenticated/user-account/update,552
2021-09-01 10:38:00.263,/master/welcome,269
2021-09-01 10:38:00.813,/master/welcome,524
2021-09-01 10:38:01.071,/master/welcome,237
2021-09-01 10:38:01.309,/master/welcome,232
2021-09-01 10:38:01.859,/master/sign-in,524
2021-09-01 10:38:02.679,/master/welcome,529
2021-09-01 10:38:03.245,/authenticated/user-account/update,524
2021-09-01 10:38:04.003,/authenticated/user-account/update,531
2021-09-01 10:38:04.272,/master/welcome,259
2021-09-01 10:38:04.817,/master/welcome,521
2021-09-01 10:38:05.071,/master/welcome,237
2021-09-01 10:38:05.31,/master/welcome,234
2021-09-01 10:38:05.861,/master/sign-in,528
2021-09-01 10:38:06.681,/master/welcome,520
2021-09-01 10:38:07.248,/authenticated/user-account/update,522
2021-09-01 10:38:07.885,/authenticated/user-account/update,530
2021-09-01 10:38:08.144,/master/welcome,249
2021-09-01 10:38:08.702,/master/welcome,531
2021-09-01 10:38:08.967,/master/welcome,251
2021-09-01 10:38:09.215,/master/welcome,240
2021-09-01 10:38:09.762,/master/sign-in,519
2021-09-01 10:38:10.581,/master/welcome,519
2021-09-01 10:38:11.149,/authenticated/user-account/update,526
2021-09-01 10:38:11.82,/authenticated/user-account/update,526
2021-09-01 10:38:12.092,/master/welcome,257
2021-09-01 10:38:12.641,/master/welcome,524
2021-09-01 10:38:12.888,/master/welcome,234
2021-09-01 10:38:13.131,/master/welcome,234
2021-09-01 10:38:13.687,/master/sign-in,522
2021-09-01 10:38:14.513,/master/welcome,529
2021-09-01 10:38:15.078,/authenticated/user-account/update,521
2021-09-01 10:38:15.802,/authenticated/user-account/update,520
2021-09-01 10:38:16.085,/master/welcome,267
2021-09-01 10:38:16.64,/master/welcome,527
